Workbook

Sheet Parte A
A1: S = | B1: 345 | D1: Parámetro | E1: Regla | F1: Qué significa
D3: Umbral de aprobación general U | E3: =5000+1000*MOD(B1,40) -> 30000 | F3: Toda devolución cuya boleta supere U requiere el visto bueno del Gerente Comercial
D4: Plazo de devolución D (días) | E4: =10+MOD(B1,3)*5 -> 10 | F4: Días corridos desde la compra dentro de los cuales se acepta la solicitud
D5: Tasa de productos dañados d | E5: =0.1+0.01*MOD(B1,10) -> 0.15 | F5: Fracción de los productos recibidos que llegan con daño
D6: Volumen mensual V (solicitudes) | E6: =200+3*MOD(B1,100) -> 335 | F6: Solicitudes de devolución recibidas al mes en el canal online
D7: Retiro en tienda | E7: =MOD(B1,2) -> 1 | F7: 1: el cliente puede dejar el producto en sucursal. 0: sólo retiro por courier

Sheet Parte B
C2: Ruta proceso | D2: Descripción ruta | E2: Probabilidad | F2: Solicitudes/mes | G2: Tiempo trabajo (hr) | H2: Tiempo ciclo (hr)
C3: Rechazo Inicial | D3: Rechazo por plazo en Atención Nivel 1 | E3: 0.1 | F3: =E3*'Parte A'!$E$6 -> 33.5 | G3: 0.22 | H3: 0.22
C4: Productoi sin daño | D4: Aprobada luego Andesexpress, bodega y Finanzas | E4: 0.6 | F4: =E4*'Parte A'!$E$6 -> 201 | G4: 1.32 | H4: 242
C5: Reparable | D5: Aprobada, luego Andesexpress, taller (120hr) y finanzas | E5: 0.15 | F5: =E5*'Parte A'!$E$6 -> 50.25 | G5: 2.4 | H5: 362
C6: Irrecuperable | D6: Aprobada, luego Andesexpress, dar de baja y Finanzas | E6: 0.15 | F6: =E6*'Parte A'!$E$6 -> 50.25 | G6: 1.32 | H6: 242
C7: Total/promedio | D7: Proceso AS-IS | E7: 1 | F7: =SUM(F3:F6) -> 335 | G7: =SUMPRODUCT(E3:E6,G3:G6) -> 1.372 | H7: =SUMPRODUCT(E3:E6,H3:H6) -> 235.822
C9: Tiempo de ciclo promedio ponderado
C10: TL prom (hr) | D10: =H7 -> 235.822
C12: Índice de Eficiencia del Ciclo (CEI)
C13: Ttrabajo prom (hr) | D13: =G7 -> 1.372
C14: CEI | D14: =D13/D10 -> 0.0058179474
C17: Cuantificación horas-persona y costos
C19: Rol | D19: Actividades a considerar | E19: Solicitudes | F19: Minutos totales /mes | G19: horas-persona mes | H19: costo /tarifa unitaro ($) | I19: Costo total mensual ($)
C20: Atención Nivel 1 (Camila) | D20: Registrar (12m) + Verificar (8m) + Fotos (5m) + Agendar (15m) + Sol. Gerencia (6m) | E20: 335 | F20: =(12*335+8*335+5*301+15*301+6*211) -> 13986 | G20: =F20/60 -> 233.1 | H20: 6500 | I20: =H20*G20 -> 1515150
C21: Gerencia comercial | D21: Resolver aprobación gerencial | E21: 211 (superan U) | F21: =8*211 -> 1688 | G21: =F21/60 -> 28.133333 | H21: =18000 -> 18000 | I21: =H21*G21 -> 506400
C22: Bodega (Patricia) | D22: Inspección papel (25m) + Digitar WMS (10m) | E22: 301 | F22: =25*301 + 10*301 -> 10535 | G22: =F22/60 -> 175.58333 | H22: 5800 | I22: =H22*G22 -> 1018383.3
C23: Finanzas (Sebastián) | D23: Revalidar (9m) + Emitir reembolso lote (14m) | E23: 301 | F23: =9*284+14*284 -> 6532 | G23: =F23/60 -> 108.86667 | H23: 9200 | I23: =H23*G23 -> 1001573.3
C24: Pasarela de pago | D24: Comisión por transacción (pagos) | E24: 284 | F24: N/A | G24: N/A | H24: 900 | I24: =H24*E24 -> 255600
C25: Supervisor (Rodrigo) | D25: Revisar y autorizar | E25: 301 | F25: =10*E25 -> 3010 | G25: =F25/60 -> 50.166667 | H25: =11000 -> 11000 | I25: =H25*G25 -> 551833.33
C26: Taller | D26: Reacondicionar en taller | E26: 32 | F26: =65*E26 -> 2080 | G26: =F26/60 -> 34.666667 | H26: =8400 -> 8400 | I26: =H26*G26 -> 291200
C27: Retiro | D27: Recepción presencial | E27: 301 | F27: N/A | G27: 0 | H27: 0 | I27: =H27*G27 -> 0
C28: Total proceso | D28: Proceso AS-IS | E28: 335 | F28: =F20+F21+F22+F23+F25+F26 -> 37831 | G28: =G20+G21+G22+G23+G25+G26 -> 630.51667 | H28: =SUM(H20:H26) -> 59800 | I28: =SUM(I20:I27) -> 5140140
C30: Costo mensual total Proceso ($) | D30: =I28 -> 5140140
C31: Costo por solicitud recibida ($) | D31: =D30/335 -> 15343.701

Sheet Parte C
B2: Cuantificación Estimada del Impacto (AS-IS vs. TO-BE) | H2: Cuantificación horas-persona y costos Modelo TO BE
B4: Indicador/métrica | C4: Valor AS-IS | D4: Valor proyectado TO-BE | E4: Impacto/Mejora esperada | F4: Interpretación | H4: Rol | I4: Actividades a considerar | J4: Solicitudes | K4: Minutos totales /mes | L4: horas-persona mes | M4: costo /tarifa unitaro ($) | N4: Costo total mensual ($)
B5: TL prom | C5: ='Parte B'!D10 -> 235.822 | D5: =C5-148 -> 87.822 | E5: =(C5-D5)/C5 -> 0.627592 | F5: Disminución | H5: Atención Nivel 1 (Camila) | I5: Registrar (12m) + Verificar (8m) + Fotos (5m) + Agendar (15m) | J5: 335 | K5: =(12*335+8*335+5*301+15*301) -> 12720 | L5: =K5/60 -> 212 | M5: 6500 | N5: =M5*L5 -> 1378000
B6: Tiempo trabajo prom | C6: ='Parte B'!D13 -> 1.372 | D6: =(K13/J13)/60 -> 1.1629851 | E6: =(C6-D6)/C6 -> 0.15234324 | F6: Disminución | H6: Gerencia comercial | I6: Resolver aprobación gerencial, automatización (0 min) | J6: 211 (superan U) | K6: 0 | L6: =K6/60 -> 0 | M6: =18000 -> 18000 | N6: =M6*L6 -> 0
B7: Eficiencia ciclo (CEI) | C7: ='Parte B'!D14 -> 0.0058179474 | D7: =D6/D5 -> 0.013242526 | E7: =(D7-C7)/C7 -> 1.2761508 | F7: Aumento | H7: Bodega (Patricia) | I7: Digitalización total (10m) | J7: 301 | K7: =10*301 -> 3010 | L7: =K7/60 -> 50.166667 | M7: 5800 | N7: =M7*L7 -> 290966.67
B8: horas-persona mes | C8: ='Parte B'!G28 -> 630.51667 | D8: =L13 -> 389.6 | E8: =(C8-D8)/C8 -> 0.38209405 | F8: Disminución | H8: Finanzas (Sebastián) | I8: Revalidaión rápida (9min) | J8: 301 | K8: =9*284 -> 2556 | L8: =K8/60 -> 42.6 | M8: 9200 | N8: =M8*L8 -> 391920
B9: Costo total mensual ($) | C9: ='Parte B'!D30 -> 5140140 | D9: =N13 -> 3159520 | E9: =(C9-D9)/C9 -> 0.38532414 | F9: Disminución | H9: Pasarela de pago | I9: Comisión por transacción (pagos) | J9: 284 | K9: N/A | L9: N/A | M9: 900 | N9: =M9*J9 -> 255600
B10: Costo por solicitud ($) | C10: ='Parte B'!D31 -> 15343.701 | D10: =N13/335 -> 9431.403 | E10: =(C10-D10)/C10 -> 0.38532414 | F10: Disminución | H10: Supervisor (Rodrigo) | I10: Revisar y autorizar | J10: 301 | K10: =10*J10 -> 3010 | L10: =K10/60 -> 50.166667 | M10: =11000 -> 11000 | N10: =M10*L10 -> 551833.33
H11: Taller | I11: Reacondicionar en taller | J11: 32 | K11: =65*J11 -> 2080 | L11: =K11/60 -> 34.666667 | M11: =8400 -> 8400 | N11: =M11*L11 -> 291200
H12: Retiro | I12: Recepción presencial | J12: 301 | K12: N/A | L12: 0 | M12: 0 | N12: =M12*L12 -> 0
H13: Total proceso | I13: Proceso AS-IS | J13: 335 | K13: =K5+K6+K7+K8+K10+K11 -> 23376 | L13: =L5+L6+L7+L8+L10+L11 -> 389.6 | M13: =SUM(M5:M11) -> 59800 | N13: =SUM(N5:N12) -> 3159520
